nature,http://www.lichtenwald-mentaltraining.de/files/bild_licht_im_wald.jpg,forest fog woodland tree sun sunlight mist morning wood sunrise autumn misty park trunk beech landscape fall foliage sunshine shadow
nature,http://st-rochus-schule.de/wp-content/uploads/2014/05/wiese_himmel-1.jpg,meadow horizon field idyllic landscape grassland grass pasture farm countryside plain rural land lawn cloud clear crop panoramic outdoors sky
nature,http://www.wallpaper-gratis.eu/blume/natur/bunte-blumen003_1024x768.jpg,plant flower bloom flora nature garden summer blossom floral season bright vibrant petal color flowerbed field growth botanical marigold botany
nature,http://www.franz-sales-verlag.de/fsvwiki/uploads/Lexikon/Meer.jpg,water nobody sea ocean surf travel wave outdoors seascape scenic beach sky coast landscape horizon storm swell summer recreation daytime
nature,http://www.skyscanner.de/sites/de/files/images/news/meer.jpg,beach water island sand vacation tropical travel sea coast ocean summer idyllic resort seascape relaxation coastline sky sunshine surf shore
nature,https://upload.wikimedia.org/wikipedia/commons/1/19/Namib2.jpg,desert sand dry arid dunes desolate adventure nobody hill remote travel shadow oasis outdoors camel hot loneliness sky sunrise heat
nature,http://www.fotos.sc/img2/u/thomasd/h/Wste__Afrika_.jpg,desert sand dunes arid dry desolate landscape nobody sunset shadow evening sunrise sky mountain remote hot hill airplane aircraft camel
nature,http://www.heise.de/scale/geometry/310x1000/q85/imagine/2JL4miafnlBR0dif9QyyP0lw9tw/gallery/Berge.jpg,mountain panoramic nobody landscape sky outdoors majestic travel horizontal nature tree volcano hill valley scenic cloud pinnacle forest snow tranquility
nature,https://maccor.files.wordpress.com/2012/07/dsci0640.jpg,nobody cave stalactite fire underground gold rock danger travel mine light paleontology geology hot science people industry stone outdoors molten
shopping,http://si.wsj.net/public/resources/images/BN-AK588_hennes_F_20131115063909.jpg,shopping commerce vehicle people market competition politics store clothing exhibition city group tourism fair retail many business industry automobile commuter
shopping,http://i303.photobucket.com/albums/nn124/sav858/horton.jpg,architecture street facade building city hotel modern apartment house exterior entrance travel outdoors urban sky view residential balcony window luxury
shopping,http://1.bp.blogspot.com/-6EmFTsXd2Cw/UiAD5JDfoDI/AAAAAAAAF-c/FniayHGk6Hw/s1600/the-florida-mall-orlando.jpg,outdoors horizontal tree architecture hotel luxury modern illuminated nobody city sky travel building entrance street facade business resort light house
shopping,https://upload.wikimedia.org/wikipedia/commons/8/83/Eaton_Centre_HDR_style.jpg,shopping travel building city inside architecture modern interior ceiling mall business urban evening night neon blur glass train central tourism
shopping,http://www.gauratravels.com.au/upload/citytab/shopping_mall_photo.jpg,shopping commerce escalator store mall business market tourism retail city people indoors buyer merchandise pavilion expo exhibition modern tourist supermarket
shopping,http://www.adventurouskate.com/wp-content/uploads/2010/11/IMG_0631.jpg,nobody architecture travel store shopping indoors luxury daytime mall outdoors building tourism people balcony many modern house urban commerce business
shopping,http://www.shopbiancaboutique.com/wp-content/uploads/2013/02/Bianca-Boutique-Store.jpg,hanging room architecture mannequin boutique indoors store floor retail window luxury house shopping table home mall service closet apartment sale
shopping,https://pbs.twimg.com/profile_images/1738076053/shop2.jpg,hanging choice indoors closet hanger home retail boutique store shopping clothing nobody laundry buy clean wardrobe luxury architecture chores casual
shopping,http://www.colonialgeneral.com/images/convenience-store.jpg,shelf store shopping market supermarket merchandise retail shelves aisle rack education bookstore people interior row grocery public exhibition commerce library
shopping,https://upload.wikimedia.org/wikipedia/commons/1/1a/Beer_at_a_grocery_store_in_New_York_City.JPG,store supermarket grocery market merchandise commerce shopping retail sale food shelf beverage aisle conformity stall many business display street marketplace
shopping,http://www.thenation.com/wp-content/uploads/2015/03/rosenfeld_choiceisntclear_ba_img.jpg,shelf aisle shelves row rack store order retail wholesale storage warehouse interior supermarket indoors merchandise crate library container orderly pallet
shopping,http://intercongreen.com/wp-content/uploads/2015/07/supermarket.jpg,supermarket aisle shelf row shelves mart retail store public grocery merchandise warehouse order wholesale dispenser market mall department interior shopping
people,http://www.barcelonapoint.com/de/blog/files/2012/11/Primavera-sound-festival-barcelona-2012.jpg,music party concert festival performance people stage crowd industry politics celebration light show dancing nobody energy many fan audience exhibition
people,http://www.agreenerfestival.com/wp-content/uploads/festival22.jpg,people group many nobody music concert performance politics festival fan outdoors school mammal men speech travel adult dancing audience sunset
people,https://upload.wikimedia.org/wikipedia/commons/e/e9/Reading_Beer_Festival_2009.jpg,people festival performance recreation competition politics many concert action crowd men group adult audience city protest event game music clothing
people,http://azistinc.com/images/Group-of-People.png,group business teamwork staff team cooperation employee diversity women partnership corporate men office meeting support occupation job colleague professional adult
people,https://upload.wikimedia.org/wikipedia/de/a/af/ACTA_Demonstration_Linz_Austria.JPG,politics protest rally police people conflict war education violence revolution weapon military parliament speech crisis group placard government election crowd
people,http://thumbs.dreamstime.com/z/k21-demonstration-stuttgart21-17086868.jpg,people group protest crisis crowd flag city many politics street conflict event active national public men demand fair women strike
people,http://www.start-mediation.de/wp-content/uploads/2010/01/Vortrag_PMI.jpg,conference speech meeting presentation education finance congress seminar business convention politics lecture room press conference group office employee journalist technology school
people,http://www.metaconsulting.net/wp-content/uploads/2012/03/eDay-2012-Zuschauer-Voller-Saal-Facebook-Vortrag-Sternsberger.jpg,politics education speech school conference meeting people religion teacher election leader protest politician parliament government university many group cooperation ceremony
place,http://e-barnyc.com/wp-content/uploads/2014/05/20140423_Es_bar-9571_ENF.tif.jpg,interior design furniture indoors pub room seat cafe luxury table interior bar hotel restaurant nobody house chair wood architecture stool chandelier
place,http://sakleti.de/photos/sakleti/bar.jpg,night people train travel indoors nobody light street architecture business two city reflection men museum water evening restaurant blur vacation
place,http://www.hotel-victoria.de/images/portal_95330/1005/hemingway-bar-im-best-western-premier-hotel-victoria-in-freiburg-1005351_w700.JPG,nobody shelf container daytime indoors commerce organization furniture islam many painting people beverage water religion school group whiskey bottle house
place,http://www.namibian.org/travel/lodging/pictures/etosha-village/fullsize/Outside_Bar_fs.jpg,people daytime group indoors several furniture cafe table commerce seat outdoors restaurant adult women store bench many four travel market
place,http://www.decorativeevents.com.au/epdata/2260-l.jpg,table modern market tourism urban interior travel city inside luxury chair hotel business architecture indoors cafe horizontal sale seat tourist
place,http://media-cdn.tripadvisor.com/media/photo-s/01/f5/22/d3/outside-cafe-callas.jpg,furniture table chair seat room dining table indoors house dining room interior design cafe dwelling mansion place setting floor architecture fireplace restaurant chandelier easy chair
place,http://www.chilloutshishalounge.de/wp-content/uploads/IMG_0210.jpg,room restaurant people indoors table group bar music furniture nobody light dwelling interior design floor food lamp adult lounge lobby one
place,https://justweekends.files.wordpress.com/2012/04/img_9860.jpg,table chair nobody furniture seat daytime architecture interior design cafe wood restaurant luxury house room dining table dwelling indoors outdoors patio hotel
place,http://bet-at-home-open.com/uploads/pics/summer-in-the-city_03.jpg,people market tourism travel tourist men umbrella women group adult person transportation water recreation cafe fair sea village man outdoors
place,http://2.bp.blogspot.com/-UUmeSaK3Dog/TasdhiYC88I/AAAAAAAAHaw/gIgFxZ6Rgr8/s1600/IMGP2191.JPG,city daytime tourism cafe street tourist urban people road town service shopping festival restaurant outdoors market sidewalk local travel dining
landmark,https://upload.wikimedia.org/wikipedia/commons/b/bf/K%C3%B6lner_Dom_abends.jpg,architecture nobody travel cathedral religion cologne building church outdoors landmark city tower gothic night medieval temple tourism sky evening dusk
landmark,https://upload.wikimedia.org/wikipedia/commons/9/9c/Muenster_Innenstadt.jpg,house city travel town nobody cityscape landscape architecture roof suburb village outdoors urban building skyline tourism dwelling hill church aerial
landmark,http://teddybaer-total.de/files/muenster_02.jpg,architecture building outdoors travel city nobody daytime sky street facade town tourism bruges house sightseeing landmark urban tower church square
landmark,https://upload.wikimedia.org/wikipedia/commons/b/b1/Brandenburger_Tor_morgens.jpg,architecture travel column monument nobody building ancient city outdoors sky sculpture pillar tourism landmark gate old structure horizontal statue square
landmark,http://www.reisenandu.de/wp-content/uploads/Fotolia_35471181_Kristan_Eifelturm.jpg,tall nobody architecture sky outdoors travel tower sightseeing large iron steel monument fame unity high old vertical city structure building
landmark,https://upload.wikimedia.org/wikipedia/commons/a/af/All_Gizah_Pyramids.jpg,pyramid tomb desert pharaoh camel ancient grave cemetery sphinx travel nobody archeology archaeology bedouin eternity architecture sky mausoleum dry outdoors
landmark,https://upload.wikimedia.org/wikipedia/commons/d/d6/London-Eye-2009.JPG,nobody outdoors sky travel large water architecture sightseeing leisure steel high ferris wheel daytime landmark summer turning contemporary tall tourist city
landmark,https://upload.wikimedia.org/wikipedia/commons/1/10/20090529_Great_Wall_8185.jpg,architecture travel landmark scenic landscape ancient sky old tourism nobody wall building mountain historic outdoors hill tower tourist tree culture
landmark,http://www.aegypten-magazin.de/images/pyramiden-gizeh.jpg,pyramid desert tomb dry pharaoh camel sand travel ancient nobody sky outdoors archaeology bedouin arid archeology daytime tourism architecture eternity
landmark,https://upload.wikimedia.org/wikipedia/commons/1/10/20090529_Great_Wall_8185.jpg,architecture travel landmark scenic landscape ancient sky old tourism nobody wall building mountain historic outdoors hill tower tourist tree culture
party,http://img01.lachschon.de/images/Alina-1103272694.jpg,chess man game people play victory young background small board person boy mid hand one war isolated child business adult
party,http://www.wired.com/images_blogs/underwire/2013/01/mf_ddp_large.jpg,party festival performance celebration bar stage music people politics nightclub dancing women recreation fun concert singer street adult fashion nightlife
party,https://upload.wikimedia.org/wikipedia/commons/0/0b/White_Diamonds_Party.jpg,concert performance music band party crowd musician dancing celebration audience festival rave nightclub stage singer many people landscape discotheque group
party,http://lukacsbaths.com/wp-content/uploads/2013/10/Szechenyi-Bath-Party-September-7-Sparty-Girl-Wow-Lights.jpg,nightclub nightlife club party disco music night celebration glamour fashion discotheque sexy light model festival dancing rave motion christmas adult
party,http://www.calella.de/wp-content/uploads/2013/02/Calella-Disco-Club-Oxygen-Aussen.jpg,night light travel illuminated road strange tourist downtown tourism outdoors business evening building city hotel festival music street gambling vacation
party,http://hbfundhopp.de/wp-content/uploads/2009/04/cimg01801.jpg,night street road outdoors travel city urban building public business tourist light theater politics police store tourism music evening group
party,http://www.mallebz.net/images/stories/news/2014/03-2014/so-funktionieren-die-openings-am-ballermann.jpg,people group performance festival music many celebration women men event ceremony adult dancer dancing crowd city nightclub nightlife clothing costume
party,https://tiestoclublife.files.wordpress.com/2015/07/dj_tiesto_club_life_img434.jpg,music concert performance band nightclub stage singer musician club festival disco nightlife rap party light dancing technology discotheque song rave
party,http://www.xarj.net/wp-content/uploads/2012/10/night-club.jpg,music nightclub sound concert disco performance club nightlife rave party discotheque dancing light rap deejay musician techno night beat audience
party,http://www.vegashotelescapes.com/wp-content/uploads/2014/11/las_vegas_top_nightclubs_drais_cromwell_hotel.jpg,music concert singer performance energy nightclub light musician club festival band night audience celebration nightlife stage technology graphic dancing physics
culture,http://www.duden.de/_media_/full/T/Theater-201100280862.jpg,nobody people light casino indoors hotel travel theater chandelier night architecture group many music ceiling auditorium lamp christmas interior opera
culture,http://www.bremerhaven.de/medien/279/thumbnails/Theater%2520im%2520Fischereihafen.jpg.2476.jpg,performance music musician concert stage singer people dancer adult clothing light theater group stringed instrument dancing guitar many electric guitar men festival
culture,http://www.letsdance-varel.de/assets/galleries/90/dance2008_kinder2.jpg,people dancer ballerina dancing ballet adult theatre performance child clothing women group stage music costume men youth recreation girl motion
culture,http://www.israelmagazin.de/wp-content/uploads/2012/06/Masada-Carmen-2012-Zuschauer-7168-550.jpg,people crowd many festival concert politics group performance audience music religion men rally adult musician recreation street women event celebration
culture,https://upload.wikimedia.org/wikipedia/commons/1/18/Ernst_August_I._(Hannover)_statur.jpg,sculpture statue people travel architecture monument museum fine art horse outdoors religion nobody building city daytime two saint men renaissance one
culture,http://www.onlinebaufuchs.de/shop/images/product_images/original_images/ubbink-wasserspiel-orito-osterinsel-stat-39096-0.jpg,nobody ancient religion outdoors sculpture celtic travel spirituality stone statue sky monument grave grass cemetery prehistoric harmony summer sacred tomb
culture,http://ais.badische-zeitung.de/piece/02/30/d3/72/36754290.jpg,travel architecture city landmark castle road nobody house outdoors tourism town fortification cropland park tourist garden aerial vacation landscape building
culture,http://cache-graphicslib.viator.com/graphicslib/thumbs360x240/5209/SITours/tagesausflug-von-tel-aviv-nach-petra-unesco-weltkulturerbe-in-tel-aviv-43380.jpg,ancient architecture temple travel stone tomb tourism rock landmark desert old sculpture archeology treasury archaeology sandstone heritage ruin monument religion
work,http://www.suedkurier.de/storage/pic/xmlios_import/nachrichten/wirtschaft/themensk/9198052_3_QT5PUR6M_C.jpg,industry construction work equipment steel machine business high transportation safety technology people outdoors site sky vehicle energy worker cargo men
work,https://gretchenrubin.com/wp-content/uploads/2015/01/officescene.jpg,politics business commerce education desk people technology meeting industry fair government production science international airport city group store telephone vehicle
work,http://www.beijingrelocation.com/blog/wp-content/uploads/2013/12/office-1.jpg,politics technology business desk production commerce education computer finance people telephone department room industry science fair shopping meeting politician office
work,https://upload.wikimedia.org/wikipedia/commons/8/8f/Coworking_Space_in_Berlin.jpg,desk room education indoors chair people furniture group table sewing architect adult school men business office politics mirror seat sitting
work,http://officesnapshots.com/wp-content/uploads/2012/10/025_mg_1344.jpeg,room conference desk conference room education politics cooperation chair group furniture indoors business classroom meeting government people seat press conference planning lecture
work,https://www.baden-wuerttemberg.de/fileadmin/redaktion/bilder/Bilder_dpa/Baustelle-Bauarbeiter_dpa_8747130_700x360.jpg,people one headgear men adult clothing helmet industry disaster hat portrait worker outdoors construction gloves two uniform construction worker pollution waste
work,http://newmediawatch.com/wp-content/uploads/2015/04/Hackathon.jpg,education people politics politician desk speech school room classroom meeting city election university conference group women adult leader press conference candidate
work,http://d.fastcompany.net/multisite_files/fastcompany/poster/2014/02/3026601-poster-p-1-10-steps-to-pulling-off-a-killer-hardware-hackathon.jpg,many people group stock exchange crowd city tourist religion politics action tourism election horizontal festival education travel street school crosswalk traffic jam
work,http://www.carlack-nord.de/cms/images/bilder_oben/mechaniker.jpg,vehicle people race men service garage automobile portrait occupation adult wrench skill trainee professional one equipment repair driver clothing racetrack
work,http://capl.washjeff.edu/1/l/2475.jpg,politics street road protest police city vehicle traffic people interaction public bomb rally accident rescue daytime motion picket conflict sidewalk
sport,http://image1.redbull.com/rbcom/010/2014-08-20/P-20140820-00015/0010/1/1500/1000/2/anthony-perrin-simone-barraco-bruno-hoffmann-kriss-kyle-red-bull-bmx-hero-tour-2014-uk.jpg,competition riding sport action race helmet road speed biker bike motorcycle fast recreation vehicle racer people cycle street motion active
sport,http://www.bad-woerishofen.de/uploads/pics/Reiten-Galopp_01.jpg,horse riding equestrian race mammal saddle dressage action bridle motion rider stallion competition women horseman animal equine farm chestnut jockey
sport,http://data.motor-talk.de/data/galleries/183395/820483/formel1-start-dw-sp-260341g-19462.jpg,race automobile competition action vehicle championship auto racing motor speed transportation car driver fast power international engine drive street racetrack circuit
sport,http://www.sportschule-hennef.de/uploads/tx_templavoila/argentinien_02.jpg,competition rugby athlete game uniform action ball match outfit soccer stadium men people adult series speed league tournament international football
sport,https://upload.wikimedia.org/wikipedia/commons/1/1b/2013_Alabama_A-Day_spring_football_game.jpg,football stadium action game athlete competition helmet championship quarterback group touchdown defense football player league recreation people uniform ball offense university
sport,http://offclouds.com/data_images/wallpapers/38/385572-volleyball.jpg,championship game volleyball tournament action competition athlete ball winner volley basket women sport jump men score match trophy adult arena
sport,http://www.spox.com/de/sport/mehrsport/tennis/1304/Bilder/rafael-nadal-knie-514.jpg,tennis tournament competition tennis match athlete sports equipment men tennis player action adult ball stadium match agility hockey leisure racquet tennis ball skill people
sport,http://www.bad-woerishofen.de/uploads/pics/Reiten-Galopp_01.jpg,horse riding equestrian race mammal saddle dressage action bridle motion rider stallion competition women horseman animal equine farm chestnut jockey
sport,http://www.runnersworld.de/sixcms/media.php/12/thumbnails/wie-oft.jpg.3104676.jpg,outdoors jogger leisure summer active runner nature health women action relaxation recreation grass enjoyment sunshine exercise practice thin balance energetic
sport,http://www.paintball-checker.de/image/cache/data/Gallery/paint3-3399x2262.jpg,people vehicle dirt group competition clothing race transportation road men adult four military motocross school many action game athlete adrenaline
fun,http://wsopdepositbonus.com/wp-content/uploads/2014/07/theme-park-roller-coaster.jpg,people excitement celebration fun action festival men carnival enjoyment outdoors horizontal motion play group joy street city party competition many
fun,http://presse.europapark.com/uploads/pics/bluefire1.jpg,carnival amusement sky excitement fun nobody carousel ferris wheel festival fair travel funfair leisure roller blue sky outdoors coaster enjoyment high wheel
fun,http://ais.badische-zeitung.de/piece/03/75/4b/f5/58018805.jpg,police politics protest action competition rally military army parade people vehicle track and field motion conflict weapon street road guard war festival
fun,http://www.rap2soul.de/wp-content/uploads/2013/12/CinemaxX_Kino_Aussen.jpg,night light design illuminated bright future evening abstract dark perspective architecture futuristic vivid modern wallpaper line business nobody reflection motion
fun,http://freizeitlexikon.regiondo.de/wp-content/uploads/2011/09/Kart_fahren.jpg,race speed competition championship fast racer lap vehicle power track motor drive machine sport circuit automobile helmet action auto racing driver
fun,https://upload.wikimedia.org/wikipedia/commons/5/52/Metro_Kino_Wien_innen.jpg,seat politics people room indoors hotel leader furniture politician chair interior design group museum nobody many dwelling government recreation adult bed
fun,http://polpix.sueddeutsche.com/polopoly_fs/1.976138.1355829642!/httpImage/image.jpg_gen/derivatives/900x600/image.jpg,food fruit sweet dessert group nobody table cheese indoors beverage dairy product meal party cooking cake restaurant wine produce christmas delicious
fun,http://www.kabarett-theater-lachmoewe.de/images/theatersaallachmoewe.jpg,group many people bar room recreation singer performance indoors music musician clothing election men adult restaurant choir theater religion festival
fun,http://www.centralkabarett.de/uploads/pics/img-haus.jpg,many people group politics leader performance speech crowd adult politician women religion recreation education election government clothing music meeting mass
food,http://static.wixstatic.com/media/a40fff_049cfd45270647d4a2e3049af29268d6.jpg,gas station store finance architecture commerce nobody business restaurant building food bankruptcy money entrance outdoors shopping sign bar cafe facade fossil fuel
food,https://upload.wikimedia.org/wikipedia/commons/b/be/Burger_King_in_London.jpg,night gambling business travel commerce tourist restaurant city outdoors store food neon blur transportation nightlife tourism many finance people enjoyment
food,http://www.thecountriesof.com/wp-content/uploads/2013/10/Subway-Fast-Food-Restaurant.jpg,shopping people retail store city group commerce market many business fair bar travel station indoors beverage education politics loan street
food,https://upload.wikimedia.org/wikipedia/commons/5/56/Fast_Food_Restaurant_in_Malinska_im_Hafen.jpg,people protest vehicle politics city commerce group street festival rally competition tourism many tourist restaurant adult road outdoors rescue crowd
food,https://media.holidaycheck.com/data/urlaubsbilder/mittel/8/1157515838.jpg,nobody architecture building outdoors travel luxury night hotel street tree road house walkway resort facade dwelling evening entrance vacation wealth
food,http://luxus.welt.de/sites/default/files/styles/giant-teaser/public/img/paris-bar-berlin-abend-32889324.jpg,store night commerce music business travel sign many outdoors tourism gambling food theater performance street nightclub people tourist politics city
food,http://bc02.rp-online.de/polopoly_fs/1.2631517.1349365717!httpImage/184075810.JPG_gen/derivatives/dx510/184075810.JPG,food delicious meal display meat cooking industry lunch fish restaurant nobody produce vegetable dinner market gourmet cuisine pork serving nutrition
food,http://i.ytimg.com/vi/ijtVyIud_8Y/maxresdefault.jpg,restaurant people chef food table market indoors adult cooking portrait container bar clothing service cafe daytime hotel industry city stall
food,http://media.cleveland.com/photogallery/photo/2011/02/9326526-standard.jpg,protest street politics people sign city competition outdoors tourist road food tourism rally vehicle restaurant police industry business conflict travel
food,http://de.schwede.com/bilder/bratwurststand-pommesbude-grillwagen-snackmobil-02.jpg,vehicle automobile transportation competition auto racing race exhibition fast motor car speed luxury people automotive nobody retro racetrack one sign driver
sleep,http://media-cdn.tripadvisor.com/media/photo-o/02/83/a6/00/mon-port-hotel-spa.jpg,night nobody hotel evening outdoors travel architecture resort luxury illuminated twilight building light tree casino dusk vacation tourism patio city
sleep,http://media-cdn.tripadvisor.com/media/photo-s/02/d3/d0/9f/kris-mari-hotel.jpg,luxury swimming pool swimming resort vacation recreation hotel leisure water travel coast sea tourism chair modern pool umbrella outdoors ocean relaxation
sleep,http://media-cdn.tripadvisor.com/media/photo-s/01/a2/f4/ff/motel-from-outside.jpg,architecture nobody building facade house street outdoors urban exterior city town travel window front entrance apartment village dwelling daytime sidewalk
sleep,http://s.petrolicious.com/2014/vintage-friday/05-may/vintage-motel-31.jpg,nobody outdoors street travel architecture building daytime road town house hotel sky store city facade tourism walkway commerce sign sidewalk
sleep,http://www.hausschlesien.de/wp-content/uploads/2014/11/uebernachtung.jpg,bed bedroom pillow furniture room indoors lamp luxury morning hotel tray blanket contemporary relaxation apartment curtain orange juice dwelling sheet sleep
sleep,https://a0.muscache.com/airbnb/static/landing_pages/pretzel/stills/paris-ac2c9c35b05b19e65af7c8eee89f2fae.jpg,furniture bedroom bed indoors room seat lamp pillow interior design double bed cushion house blanket relaxation sofa headboard window chair quilt table
sleep,http://www.kanal-cafe.de/resources/Zimmer.jpg,furniture room indoors curtain window house contemporary carpet bedroom lamp hotel bed seat dwelling chair interior design hotel room table luxury floor
sleep,http://www.landedo.info/images/DSC_0001.JPG,landscape tree nobody scenic travel grass sky road outdoors forest summer nature daytime countryside wood empty woodland hill sunshine country
sleep,http://www.lifestyle-emotions.de/templates/lifestyle/img/locations/254-14.jpg,adult people men two one clothing portrait recreation room women leisure indoors boy group enjoyment daytime relaxation child furniture bed